{"errors":[],"warnings":[],"namedChunkGroups":{"polyfill":{"chunks":[4,11],"assets":["webpack-runtime-a2cbbd9fc29aea17ea36.js","webpack-runtime-a2cbbd9fc29aea17ea36.js.map","polyfill-85be4dd2c55b96f7866d.js","polyfill-85be4dd2c55b96f7866d.js.map"],"children":{},"childAssets":{}},"app":{"chunks":[4,10,5],"assets":["webpack-runtime-a2cbbd9fc29aea17ea36.js","webpack-runtime-a2cbbd9fc29aea17ea36.js.map","framework-6c3ead24af170cdcb87c.js","framework-6c3ead24af170cdcb87c.js.map","app-ecd7339b1eea34aafd2e.js","app-ecd7339b1eea34aafd2e.js.map"],"children":{},"childAssets":{}},"component---src-pages-404-tsx":{"chunks":[1,0,6],"assets":["styles.9bbbbc252bdbe2dfae57.css","styles-e9d24b1846c7d6eb9685.js","styles-e9d24b1846c7d6eb9685.js.map","commons-f2728c2fe163e02fedb8.js","commons-f2728c2fe163e02fedb8.js.map","component---src-pages-404-tsx-c2cae8a8ea4d9b8c6d6b.js","component---src-pages-404-tsx-c2cae8a8ea4d9b8c6d6b.js.map"],"children":{},"childAssets":{}},"component---src-pages-archive-tsx":{"chunks":[1,0,7],"assets":["styles.9bbbbc252bdbe2dfae57.css","styles-e9d24b1846c7d6eb9685.js","styles-e9d24b1846c7d6eb9685.js.map","commons-f2728c2fe163e02fedb8.js","commons-f2728c2fe163e02fedb8.js.map","component---src-pages-archive-tsx-57d2ffdd040c57414e10.js","component---src-pages-archive-tsx-57d2ffdd040c57414e10.js.map"],"children":{},"childAssets":{}},"component---src-pages-index-tsx":{"chunks":[1,3,0,2,8],"assets":["styles.9bbbbc252bdbe2dfae57.css","styles-e9d24b1846c7d6eb9685.js","styles-e9d24b1846c7d6eb9685.js.map","4a3ea9cd-1a9b3406b8667d81e905.js","4a3ea9cd-1a9b3406b8667d81e905.js.map","commons-f2728c2fe163e02fedb8.js","commons-f2728c2fe163e02fedb8.js.map","024cc97c3e0b4621d9f8a2f8d9294493e23ee0f0-10fc1dd0022cc0668136.js","024cc97c3e0b4621d9f8a2f8d9294493e23ee0f0-10fc1dd0022cc0668136.js.map","component---src-pages-index-tsx-28f3f1ee7596bdb2b199.js","component---src-pages-index-tsx-28f3f1ee7596bdb2b199.js.map"],"children":{},"childAssets":{}},"component---src-pages-preliminar-tsx":{"chunks":[1,3,0,2,9],"assets":["styles.9bbbbc252bdbe2dfae57.css","styles-e9d24b1846c7d6eb9685.js","styles-e9d24b1846c7d6eb9685.js.map","4a3ea9cd-1a9b3406b8667d81e905.js","4a3ea9cd-1a9b3406b8667d81e905.js.map","commons-f2728c2fe163e02fedb8.js","commons-f2728c2fe163e02fedb8.js.map","024cc97c3e0b4621d9f8a2f8d9294493e23ee0f0-10fc1dd0022cc0668136.js","024cc97c3e0b4621d9f8a2f8d9294493e23ee0f0-10fc1dd0022cc0668136.js.map","component---src-pages-preliminar-tsx-9c78cdd437524f3f4de0.js","component---src-pages-preliminar-tsx-9c78cdd437524f3f4de0.js.map"],"children":{},"childAssets":{}}},"assetsByChunkName":{"polyfill":["webpack-runtime-a2cbbd9fc29aea17ea36.js","polyfill-85be4dd2c55b96f7866d.js"],"app":["webpack-runtime-a2cbbd9fc29aea17ea36.js","framework-6c3ead24af170cdcb87c.js","app-ecd7339b1eea34aafd2e.js"],"component---src-pages-404-tsx":["styles.9bbbbc252bdbe2dfae57.css","styles-e9d24b1846c7d6eb9685.js","commons-f2728c2fe163e02fedb8.js","component---src-pages-404-tsx-c2cae8a8ea4d9b8c6d6b.js"],"component---src-pages-archive-tsx":["styles.9bbbbc252bdbe2dfae57.css","styles-e9d24b1846c7d6eb9685.js","commons-f2728c2fe163e02fedb8.js","component---src-pages-archive-tsx-57d2ffdd040c57414e10.js"],"component---src-pages-index-tsx":["styles.9bbbbc252bdbe2dfae57.css","styles-e9d24b1846c7d6eb9685.js","4a3ea9cd-1a9b3406b8667d81e905.js","commons-f2728c2fe163e02fedb8.js","024cc97c3e0b4621d9f8a2f8d9294493e23ee0f0-10fc1dd0022cc0668136.js","component---src-pages-index-tsx-28f3f1ee7596bdb2b199.js"],"component---src-pages-preliminar-tsx":["styles.9bbbbc252bdbe2dfae57.css","styles-e9d24b1846c7d6eb9685.js","4a3ea9cd-1a9b3406b8667d81e905.js","commons-f2728c2fe163e02fedb8.js","024cc97c3e0b4621d9f8a2f8d9294493e23ee0f0-10fc1dd0022cc0668136.js","component---src-pages-preliminar-tsx-9c78cdd437524f3f4de0.js"]}}